<?xml version="1.0" encoding="UTF-8"?>
<project-private xmlns="http://www.netbeans.org/ns/project-private/1">
    <editor-bookmarks xmlns="http://www.netbeans.org/ns/editor-bookmarks/2" lastBookmarkId="0"/>
    <open-files xmlns="http://www.netbeans.org/ns/projectui-open-files/2">
        <group>
            <file>file:/D:/Users/2020122760102/Documents/NetBeansProjects/Interfaces/src/interfaces/Main.java</file>
            <file>file:/D:/Users/2020122760102/Documents/NetBeansProjects/Interfaces/src/interfaces/Pessoa.java</file>
            <file>file:/D:/Users/2020122760102/Documents/NetBeansProjects/Interfaces/src/interfaces/ComparadorPessoaPorNome.java</file>
            <file>file:/D:/Users/2020122760102/Documents/NetBeansProjects/Interfaces/src/interfaces/ComparadorIdade.java</file>
        </group>
    </open-files>
</project-private>
