<?xml version="1.0" encoding="UTF-8"?>
<project-private xmlns="http://www.netbeans.org/ns/project-private/1">
    <editor-bookmarks xmlns="http://www.netbeans.org/ns/editor-bookmarks/2" lastBookmarkId="0"/>
    <open-files xmlns="http://www.netbeans.org/ns/projectui-open-files/2">
        <group>
            <file>file:/X:/Disciplinas/Sistemas%20de%20Informação/POO1/Material/exercicios/Listas_exercicios/src/Lista1/Exercicio09.java</file>
            <file>file:/X:/Disciplinas/Sistemas%20de%20Informação/POO1/Material/exercicios/Listas_exercicios/src/Lista1/Exercicio08.java</file>
            <file>file:/X:/Disciplinas/Sistemas%20de%20Informação/POO1/Material/exercicios/Listas_exercicios/src/Lista1/Exercicio07.java</file>
            <file>file:/X:/Disciplinas/Sistemas%20de%20Informação/POO1/Material/exercicios/Listas_exercicios/src/Lista1/Exercicio03.java</file>
            <file>file:/X:/Disciplinas/Sistemas%20de%20Informação/POO1/Material/exercicios/Listas_exercicios/src/Lista1/Exercicio10.java</file>
            <file>file:/X:/Disciplinas/Sistemas%20de%20Informação/POO1/Material/exercicios/Listas_exercicios/src/Lista1/Exercicio06.java</file>
        </group>
    </open-files>
</project-private>
