<?xml version="1.0" encoding="UTF-8"?>
<project-private xmlns="http://www.netbeans.org/ns/project-private/1">
    <editor-bookmarks xmlns="http://www.netbeans.org/ns/editor-bookmarks/2" lastBookmarkId="0"/>
    <open-files xmlns="http://www.netbeans.org/ns/projectui-open-files/2">
        <group>
            <file>file:/D:/Users/2020122760102/Documents/NetBeansProjects/simulado3/src/simulado3/Mexico.java</file>
            <file>file:/D:/Users/2020122760102/Documents/NetBeansProjects/simulado3/src/simulado3/Equipe.java</file>
            <file>file:/D:/Users/2020122760102/Documents/NetBeansProjects/simulado3/src/simulado3/SEK.java</file>
            <file>file:/D:/Users/2020122760102/Documents/NetBeansProjects/simulado3/src/simulado3/Soccer2D.java</file>
            <file>file:/D:/Users/2020122760102/Documents/NetBeansProjects/simulado3/src/simulado3/Simulado3.java</file>
            <file>file:/D:/Users/2020122760102/Documents/NetBeansProjects/simulado3/src/simulado3/Asimov2D.java</file>
            <file>file:/D:/Users/2020122760102/Documents/NetBeansProjects/simulado3/src/simulado3/ITADroids.java</file>
            <file>file:/D:/Users/2020122760102/Documents/NetBeansProjects/simulado3/src/simulado3/AsimovSEK.java</file>
        </group>
    </open-files>
</project-private>
