<?xml version="1.0" encoding="UTF-8"?>
<project-private xmlns="http://www.netbeans.org/ns/project-private/1">
    <editor-bookmarks xmlns="http://www.netbeans.org/ns/editor-bookmarks/2" lastBookmarkId="0"/>
    <open-files xmlns="http://www.netbeans.org/ns/projectui-open-files/2">
        <group>
            <file>file:/D:/Users/2020122760102/Documents/NetBeansProjects/ABatalhaFinal/src/abatalhafinal/Maldicoes.java</file>
            <file>file:/D:/Users/2020122760102/Documents/NetBeansProjects/ABatalhaFinal/src/maldicoes/Copiadores.java</file>
            <file>file:/D:/Users/2020122760102/Documents/NetBeansProjects/ABatalhaFinal/src/abatalhafinal/Ser.java</file>
            <file>file:/D:/Users/2020122760102/Documents/NetBeansProjects/ABatalhaFinal/src/abatalhafinal/ABatalhaFinal.java</file>
            <file>file:/D:/Users/2020122760102/Documents/NetBeansProjects/ABatalhaFinal/src/maldicoes/Resistentes.java</file>
            <file>file:/D:/Users/2020122760102/Documents/NetBeansProjects/ABatalhaFinal/src/maldicoes/DedosDeSukuna.java</file>
            <file>file:/D:/Users/2020122760102/Documents/NetBeansProjects/ABatalhaFinal/src/maldicoes/Sukunas.java</file>
        </group>
    </open-files>
</project-private>
